employee_id,employee_name,joining_date,employee_email,work_start_time,work_end_time,center_id,employee_status,employee_salary
EMP-4001,Davine,2021-06-13,djerosch0@npr.org,09:06:00,19:56:00,CEN-981,1,14643
EMP-4002,Delmor,2020-10-03,dcrayton1@wufoo.com,09:16:00,21:13:00,CEN-981,1,24342
EMP-4003,Haslett,2020-07-23,hmerriman2@hao123.com,09:23:00,21:21:00,CEN-981,1,13617
EMP-4004,Anastasia,2021-07-15,awinspeare3@omniture.com,09:26:00,18:26:00,CEN-981,1,10025
EMP-4005,Bren,2021-12-27,bburcher4@nbcnews.com,09:22:00,20:32:00,CEN-981,0,21427
EMP-4006,Celestine,2020-10-19,cagneau5@vistaprint.com,09:17:00,21:07:00,CEN-981,1,13841
EMP-4007,Remington,2020-11-10,redworthye6@a8.net,09:24:00,17:12:00,CEN-981,0,24566
EMP-4008,Marmaduke,2021-07-23,mkellie7@unesco.org,09:13:00,17:59:00,CEN-981,1,16557
EMP-4009,Harrison,2021-06-25,hgoodfield8@abc.net.au,09:29:00,19:11:00,CEN-981,1,21597
EMP-4010,Almeria,2020-07-26,aserrier9@jigsy.com,09:14:00,19:45:00,CEN-981,0,18218
EMP-4011,Gallard,2020-12-18,gthomersona@upenn.edu,09:24:00,17:09:00,CEN-982,0,20234
EMP-4012,Cathryn,2021-07-27,clebrunb@t.co,09:16:00,17:09:00,CEN-982,0,15181
EMP-4013,Reginald,2021-06-27,rtrussellc@surveymonkey.com,09:25:00,19:29:00,CEN-982,0,17792
EMP-4014,Christean,2021-03-20,ccooped@w3.org,09:14:00,18:32:00,CEN-982,0,12282
EMP-4015,Roshelle,2020-06-25,rbonellee@i2i.jp,09:11:00,20:24:00,CEN-982,0,20489
EMP-4016,Bride,2020-01-21,bjonasf@sun.com,09:21:00,20:11:00,CEN-982,1,13656
EMP-4017,Ferdie,2021-11-22,fstanbrookeg@tamu.edu,09:22:00,20:14:00,CEN-982,1,15447
EMP-4018,Maison,2020-08-10,mswindellsh@abc.net.au,09:18:00,19:22:00,CEN-982,0,17153
EMP-4019,Dale,2020-07-26,dhauggi@archive.org,09:12:00,18:23:00,CEN-982,0,10986
EMP-4020,Wald,2020-07-26,wsneppj@go.com,09:27:00,17:06:00,CEN-982,1,11578
EMP-4021,Stephanie,2021-07-09,sdziwiszk@elpais.com,09:17:00,18:21:00,CEN-983,0,15340
EMP-4022,Albertine,2021-02-24,apolinl@cbc.ca,09:07:00,19:22:00,CEN-983,0,17758
EMP-4023,Priscilla,2021-10-10,pgleetonm@comcast.net,09:08:00,17:48:00,CEN-983,0,22708
EMP-4024,Dela,2020-03-20,dcafferkyn@ucoz.com,09:18:00,19:12:00,CEN-983,0,12173
EMP-4025,Bella,2021-01-19,bfullertono@vk.com,09:18:00,20:09:00,CEN-983,0,24781
EMP-4026,Dale,2020-05-13,dconstantinep@mac.com,09:11:00,20:56:00,CEN-983,0,15169
EMP-4027,Flss,2020-11-30,fpachecoq@elpais.com,09:05:00,18:54:00,CEN-983,1,19597
EMP-4028,Krista,2021-08-27,kboguer@berkeley.edu,09:24:00,18:08:00,CEN-983,0,16869
EMP-4029,Menard,2020-07-14,msnelmans@wisc.edu,09:02:00,17:27:00,CEN-983,0,11488
EMP-4030,Rufus,2020-01-21,rpackingtont@baidu.com,09:09:00,18:56:00,CEN-983,0,12967
EMP-4031,Gabriella,2020-10-17,gmunksu@cloudflare.com,09:29:00,19:32:00,CEN-984,0,16267
EMP-4032,Chere,2021-04-18,ccrowcombev@123-reg.co.uk,09:04:00,18:23:00,CEN-984,1,13336
EMP-4033,Anthony,2020-01-11,agodainw@blog.com,09:01:00,17:53:00,CEN-984,0,17268
EMP-4034,Maria,2020-05-15,msleighx@dailymotion.com,09:21:00,20:40:00,CEN-984,0,22172
EMP-4035,Basilius,2021-11-15,bmaccostyey@photobucket.com,09:26:00,19:52:00,CEN-984,0,17613
EMP-4036,Amandi,2020-10-31,aoverellz@ucsd.edu,09:22:00,19:29:00,CEN-984,1,13191
EMP-4037,Mandi,2020-05-19,mlillegard10@qq.com,09:26:00,18:18:00,CEN-984,1,19318
EMP-4038,Merrile,2020-02-23,mlettson11@xinhuanet.com,09:25:00,21:11:00,CEN-984,1,20260
EMP-4039,Dugald,2020-08-20,ddahmel12@google.co.jp,09:09:00,20:46:00,CEN-984,0,19010
EMP-4040,Aubrey,2021-08-28,alauret13@oakley.com,09:21:00,20:19:00,CEN-984,1,18499
EMP-4041,Creighton,2020-02-12,ccrucitti14@t-online.de,09:11:00,17:47:00,CEN-985,0,23165
EMP-4042,Sheila-kathryn,2021-01-26,ssalmen15@miibeian.gov.cn,09:21:00,21:02:00,CEN-985,1,23958
EMP-4043,Newton,2020-09-30,nbalkwill16@jiathis.com,09:25:00,20:53:00,CEN-985,0,18061
EMP-4044,Chelsie,2021-10-19,cswansborough17@google.com.br,09:11:00,18:17:00,CEN-985,0,10630
EMP-4045,Channa,2020-09-03,ccraine18@businessinsider.com,09:13:00,18:48:00,CEN-985,1,21212
EMP-4046,Felice,2020-05-05,fdevers19@clickbank.net,09:14:00,18:26:00,CEN-985,0,13191
EMP-4047,Ashlen,2020-05-22,aisaaksohn1a@wikispaces.com,09:06:00,17:13:00,CEN-985,0,23575
EMP-4048,Frank,2020-12-09,fbankhurst1b@desdev.cn,09:01:00,17:42:00,CEN-985,1,19710
EMP-4049,Lawry,2020-03-07,ltorrese1c@buzzfeed.com,09:06:00,18:50:00,CEN-985,0,10683
EMP-4050,Hi,2021-03-14,hcolleford1d@mail.ru,09:05:00,17:01:00,CEN-985,0,11180
EMP-4051,Reinaldo,2021-06-22,rhayhurst1e@edublogs.org,09:25:00,17:13:00,CEN-986,0,14554
EMP-4052,Astrix,2021-06-22,awimbridge1f@aol.com,09:19:00,20:12:00,CEN-986,0,20818
EMP-4053,Melanie,2020-04-23,mreveley1g@chicagotribune.com,09:07:00,17:48:00,CEN-986,1,11128
EMP-4054,Walt,2020-12-11,wjuzek1h@technorati.com,09:17:00,17:39:00,CEN-986,0,12787
EMP-4055,Suellen,2020-02-06,svairow1i@merriam-webster.com,09:10:00,17:52:00,CEN-986,0,17140
EMP-4056,Jeffie,2020-09-25,jwoollacott1j@sbwire.com,09:18:00,17:28:00,CEN-986,0,18843
EMP-4057,Dasha,2020-11-18,dgrocott1k@seesaa.net,09:10:00,17:30:00,CEN-986,0,17162
EMP-4058,Boony,2020-03-03,bpickaver1l@reddit.com,09:08:00,17:07:00,CEN-986,1,13697
EMP-4059,Sidnee,2020-06-27,sdriuzzi1m@goodreads.com,09:25:00,17:54:00,CEN-986,1,12453
EMP-4060,Demetris,2021-02-09,dkennaway1n@wikimedia.org,09:28:00,20:51:00,CEN-986,0,20534
EMP-4061,Boot,2021-03-25,bmaciak1o@webeden.co.uk,09:07:00,17:43:00,CEN-987,1,12385
EMP-4062,Malorie,2021-06-25,mivannikov1p@cdc.gov,09:19:00,17:21:00,CEN-987,1,22475
EMP-4063,Leeann,2021-02-26,lmanon1q@loc.gov,09:10:00,19:45:00,CEN-987,1,22639
EMP-4064,Elli,2020-11-29,eblazej1r@nature.com,09:19:00,20:18:00,CEN-987,0,16204
EMP-4065,Michele,2020-12-15,mpunt1s@imdb.com,09:14:00,19:14:00,CEN-987,1,18881
EMP-4066,Violetta,2020-03-08,vhegerty1t@deliciousdays.com,09:10:00,21:24:00,CEN-987,0,13524
EMP-4067,Laughton,2020-10-13,lfolshom1u@macromedia.com,09:12:00,18:24:00,CEN-987,1,10047
EMP-4068,Clotilda,2020-03-30,cpaxton1v@theguardian.com,09:13:00,18:01:00,CEN-987,0,12587
EMP-4069,Torin,2020-06-24,tbogeys1w@gov.uk,09:16:00,19:37:00,CEN-987,0,15857
EMP-4070,Nat,2020-08-25,naasaf1x@ca.gov,09:19:00,20:49:00,CEN-987,1,16144
EMP-4071,Vale,2020-05-31,vstopp1y@yelp.com,09:08:00,20:24:00,CEN-988,1,24272
EMP-4072,Naoma,2020-01-18,nwankel1z@theatlantic.com,09:21:00,21:06:00,CEN-988,0,18647
EMP-4073,Darcie,2020-12-29,dkalaher20@wsj.com,09:19:00,21:21:00,CEN-988,0,11706
EMP-4074,Arnie,2021-08-13,abarlow21@abc.net.au,09:09:00,21:18:00,CEN-988,1,13706
EMP-4075,Koren,2021-07-15,kfrantzeni22@linkedin.com,09:14:00,18:43:00,CEN-988,1,13668
EMP-4076,Irwin,2020-01-18,idimnage23@ox.ac.uk,09:05:00,19:34:00,CEN-988,0,11565
EMP-4077,Tove,2020-09-06,tmachostie24@cnn.com,09:04:00,18:12:00,CEN-988,0,13502
EMP-4078,Dunc,2021-10-08,dmacquist25@deviantart.com,09:01:00,20:19:00,CEN-988,0,19478
EMP-4079,Angelica,2021-08-24,aorrick26@google.es,09:01:00,20:38:00,CEN-988,0,21828
EMP-4080,Ariella,2021-07-18,aagney27@sina.com.cn,09:16:00,18:13:00,CEN-988,1,17556
EMP-4081,Kristos,2021-11-25,korr28@drupal.org,09:03:00,19:15:00,CEN-989,0,23741
EMP-4082,Thaxter,2020-10-04,twomack29@scribd.com,09:17:00,20:40:00,CEN-989,1,16337
EMP-4083,Mignon,2021-02-14,mcoburn2a@washington.edu,09:26:00,20:31:00,CEN-989,1,12921
EMP-4084,Iseabal,2020-02-21,igribbin2b@eventbrite.com,09:28:00,20:53:00,CEN-989,0,21503
EMP-4085,Carma,2021-11-21,cpellamont2c@artisteer.com,09:13:00,20:15:00,CEN-989,0,16148
EMP-4086,Burch,2021-09-23,bschimmang2d@google.ru,09:24:00,20:12:00,CEN-989,1,19872
EMP-4087,Trip,2021-06-21,tarrow2e@mail.ru,09:15:00,20:20:00,CEN-989,0,17149
EMP-4088,Avram,2020-09-09,agleasane2f@nba.com,09:15:00,20:33:00,CEN-989,0,12683
EMP-4089,Aridatha,2021-12-11,atorns2g@ow.ly,09:15:00,20:32:00,CEN-989,1,15875
EMP-4090,Dorry,2020-03-10,ddancey2h@zdnet.com,09:07:00,20:01:00,CEN-989,1,12533
EMP-4091,Nicolette,2021-09-23,ndauncey2i@cdbaby.com,09:19:00,18:20:00,CEN-990,0,10174
EMP-4092,Roxy,2021-01-26,rsigne2j@desdev.cn,09:21:00,20:10:00,CEN-990,1,22107
EMP-4093,Jocelin,2021-01-13,jlightbown2k@smugmug.com,09:25:00,18:13:00,CEN-990,1,21131
EMP-4094,Phineas,2020-04-18,plarder2l@jimdo.com,09:18:00,18:57:00,CEN-990,0,13352
EMP-4095,Jeromy,2021-02-23,jpeacher2m@mozilla.org,09:15:00,21:16:00,CEN-990,1,12662
EMP-4096,Kiley,2021-12-16,kdowdell2n@utexas.edu,09:17:00,19:10:00,CEN-990,1,21769
EMP-4097,Lizette,2020-03-11,ledds2o@friendfeed.com,09:04:00,18:10:00,CEN-990,1,19987
EMP-4098,Catharina,2020-08-01,cwillowby2p@networksolutions.com,09:07:00,19:06:00,CEN-990,0,24955
EMP-4099,James,2020-07-23,jspurett2q@digg.com,09:29:00,18:33:00,CEN-990,0,18752
EMP-4100,Fanni,2020-08-21,fsustin2r@plala.or.jp,09:00:00,19:54:00,CEN-990,0,22220
